{
    "name": "root",
    "gauges": {
        "CarDriverBehavior.Policy.Entropy.mean": {
            "value": 1.0010933876037598,
            "min": 0.9748734831809998,
            "max": 2.196995973587036,
            "count": 13
        },
        "CarDriverBehavior.Policy.Entropy.sum": {
            "value": 9658.548828125,
            "min": 9658.548828125,
            "max": 22075.416015625,
            "count": 13
        },
        "CarDriverBehavior.Step.mean": {
            "value": 129975.0,
            "min": 9984.0,
            "max": 129975.0,
            "count": 13
        },
        "CarDriverBehavior.Step.sum": {
            "value": 129975.0,
            "min": 9984.0,
            "max": 129975.0,
            "count": 13
        },
        "CarDriverBehavior.Policy.ExtrinsicValueEstimate.mean": {
            "value": -0.9087533950805664,
            "min": -0.9087533950805664,
            "max": -0.20421946048736572,
            "count": 13
        },
        "CarDriverBehavior.Policy.ExtrinsicValueEstimate.sum": {
            "value": -144.49179077148438,
            "min": -144.49179077148438,
            "max": -32.26667404174805,
            "count": 13
        },
        "CarDriverBehavior.Policy.GailValueEstimate.mean": {
            "value": 49.13521194458008,
            "min": -0.14433689415454865,
            "max": 54.49143981933594,
            "count": 13
        },
        "CarDriverBehavior.Policy.GailValueEstimate.sum": {
            "value": 7812.49853515625,
            "min": -22.80522918701172,
            "max": 8664.138671875,
            "count": 13
        },
        "CarDriverBehavior.Environment.EpisodeLength.mean": {
            "value": 1199.0,
            "min": 1198.0,
            "max": 1199.0,
            "count": 13
        },
        "CarDriverBehavior.Environment.EpisodeLength.sum": {
            "value": 10791.0,
            "min": 2398.0,
            "max": 10791.0,
            "count": 13
        },
        "CarDriverBehavior.Environment.CumulativeReward.mean": {
            "value": -108.5777871939871,
            "min": -112.37778643104765,
            "max": -31.575002495199442,
            "count": 13
        },
        "CarDriverBehavior.Environment.CumulativeReward.sum": {
            "value": -977.2000847458839,
            "min": -1011.4000778794289,
            "max": -252.60001996159554,
            "count": 13
        },
        "CarDriverBehavior.Policy.ExtrinsicReward.mean": {
            "value": -10.857778539260229,
            "min": -11.23777851048443,
            "max": -3.157500212546438,
            "count": 13
        },
        "CarDriverBehavior.Policy.ExtrinsicReward.sum": {
            "value": -97.72000685334206,
            "min": -101.14000659435987,
            "max": -25.260001700371504,
            "count": 13
        },
        "CarDriverBehavior.Policy.GailReward.mean": {
            "value": 572.6485708024767,
            "min": 572.6485708024767,
            "max": 1112.8325674533844,
            "count": 13
        },
        "CarDriverBehavior.Policy.GailReward.sum": {
            "value": 5153.83713722229,
            "min": 1890.9591426849365,
            "max": 8902.660539627075,
            "count": 13
        },
        "CarDriverBehavior.IsTraining.mean": {
            "value": 1.0,
            "min": 1.0,
            "max": 1.0,
            "count": 13
        },
        "CarDriverBehavior.IsTraining.sum": {
            "value": 1.0,
            "min": 1.0,
            "max": 1.0,
            "count": 13
        },
        "CarDriverBehavior.Losses.PolicyLoss.mean": {
            "value": 0.048790319789467115,
            "min": 0.04418853537497362,
            "max": 0.05416521778873478,
            "count": 12
        },
        "CarDriverBehavior.Losses.PolicyLoss.sum": {
            "value": 0.048790319789467115,
            "min": 0.04418853537497362,
            "max": 0.05416521778873478,
            "count": 12
        },
        "CarDriverBehavior.Losses.ValueLoss.mean": {
            "value": 15.33439979099092,
            "min": 9.833519192536672,
            "max": 70.61687771479289,
            "count": 12
        },
        "CarDriverBehavior.Losses.ValueLoss.sum": {
            "value": 15.33439979099092,
            "min": 9.833519192536672,
            "max": 70.61687771479289,
            "count": 12
        },
        "CarDriverBehavior.Policy.LearningRate.mean": {
            "value": 0.00029250006249997986,
            "min": 0.00029250006249997986,
            "max": 0.00029938176020608,
            "count": 12
        },
        "CarDriverBehavior.Policy.LearningRate.sum": {
            "value": 0.00029250006249997986,
            "min": 0.00029250006249997986,
            "max": 0.00029938176020608,
            "count": 12
        },
        "CarDriverBehavior.Policy.Epsilon.mean": {
            "value": 0.19750002000000003,
            "min": 0.19750002000000003,
            "max": 0.19979391999999999,
            "count": 12
        },
        "CarDriverBehavior.Policy.Epsilon.sum": {
            "value": 0.19750002000000003,
            "min": 0.19750002000000003,
            "max": 0.19979391999999999,
            "count": 12
        },
        "CarDriverBehavior.Policy.Beta.mean": {
            "value": 0.00048775009799999994,
            "min": 0.00048775009799999994,
            "max": 0.0004989902080000002,
            "count": 12
        },
        "CarDriverBehavior.Policy.Beta.sum": {
            "value": 0.00048775009799999994,
            "min": 0.00048775009799999994,
            "max": 0.0004989902080000002,
            "count": 12
        },
        "CarDriverBehavior.Policy.GAILPolicyEstimate.mean": {
            "value": 0.328296583559778,
            "min": 0.328296583559778,
            "max": 0.4600435338914394,
            "count": 12
        },
        "CarDriverBehavior.Policy.GAILPolicyEstimate.sum": {
            "value": 0.328296583559778,
            "min": 0.328296583559778,
            "max": 0.4600435338914394,
            "count": 12
        },
        "CarDriverBehavior.Policy.GAILExpertEstimate.mean": {
            "value": 0.6820769134968047,
            "min": 0.5136235217253368,
            "max": 0.6820769134968047,
            "count": 12
        },
        "CarDriverBehavior.Policy.GAILExpertEstimate.sum": {
            "value": 0.6820769134968047,
            "min": 0.5136235217253368,
            "max": 0.6820769134968047,
            "count": 12
        },
        "CarDriverBehavior.Losses.GAILLoss.mean": {
            "value": 0.8544052247963254,
            "min": 0.8544052247963254,
            "max": 1.3112315595149995,
            "count": 12
        },
        "CarDriverBehavior.Losses.GAILLoss.sum": {
            "value": 0.8544052247963254,
            "min": 0.8544052247963254,
            "max": 1.3112315595149995,
            "count": 12
        },
        "CarDriverBehavior.Policy.GAILGradMagLoss.mean": {
            "value": 0.08402414483919976,
            "min": 0.043295696222533785,
            "max": 3.9422400619834663,
            "count": 12
        },
        "CarDriverBehavior.Policy.GAILGradMagLoss.sum": {
            "value": 0.08402414483919976,
            "min": 0.043295696222533785,
            "max": 3.9422400619834663,
            "count": 12
        },
        "CarDriverBehavior.Losses.PretrainingLoss.mean": {
            "value": 0.6978071470191514,
            "min": 0.6978071470191514,
            "max": 0.8766507156517195,
            "count": 12
        },
        "CarDriverBehavior.Losses.PretrainingLoss.sum": {
            "value": 0.6978071470191514,
            "min": 0.6978071470191514,
            "max": 0.8766507156517195,
            "count": 12
        }
    },
    "metadata": {
        "timer_format_version": "0.1.0",
        "start_time_seconds": "1700123659",